Datetime,Water Level (m)
2026-10-05 06:00:00,0.9139639
2026-10-05 07:00:00,1.0512874
2026-10-05 08:00:00,1.1346865
2026-10-05 09:00:00,1.1485637
2026-10-05 10:00:00,1.0935178
2026-10-05 11:00:00,1.0319887
2026-10-05 12:00:00,0.9865335
2026-10-05 13:00:00,0.9542867
2026-10-05 14:00:00,0.930633
2026-10-05 15:00:00,0.9148561
2026-10-05 16:00:00,0.9095726
2026-10-05 17:00:00,0.94386953
2026-10-05 18:00:00,1.0564151
2026-10-05 19:00:00,1.2232381
2026-10-05 20:00:00,1.3726964
2026-10-05 21:00:00,1.4455215
2026-10-05 22:00:00,1.4374806
2026-10-05 23:00:00,1.3965468
2026-10-06 00:00:00,1.3543007
2026-10-06 01:00:00,1.318388
2026-10-06 02:00:00,1.2890695
2026-10-06 03:00:00,1.2657219
2026-10-06 04:00:00,1.2511412
2026-10-06 05:00:00,1.2643762
2026-10-06 06:00:00,1.3450187
2026-10-06 07:00:00,1.4980258
2026-10-06 08:00:00,1.6731039
2026-10-06 09:00:00,1.7966862
2026-10-06 10:00:00,1.8216304
2026-10-06 11:00:00,1.7745818
2026-10-06 12:00:00,1.7146647
2026-10-06 13:00:00,1.659881
2026-10-06 14:00:00,1.6118325
2026-10-06 15:00:00,1.5699075
2026-10-06 16:00:00,1.5340242
2026-10-06 17:00:00,1.5038651
2026-10-06 18:00:00,1.4948988
2026-10-06 19:00:00,1.5472664
2026-10-06 20:00:00,1.6693325
2026-10-06 21:00:00,1.809642
2026-10-06 22:00:00,1.89042
2026-10-06 23:00:00,1.888429
2026-10-07 00:00:00,1.8427979
2026-10-07 01:00:00,1.788521
2026-10-07 02:00:00,1.7369294
2026-10-07 03:00:00,1.6900313
2026-10-07 04:00:00,1.6485078
2026-10-07 05:00:00,1.6125295
2026-10-07 06:00:00,1.5930158
2026-10-07 07:00:00,1.6335739
2026-10-07 08:00:00,1.7555015
2026-10-07 09:00:00,1.9188808
2026-10-07 10:00:00,2.0277803
2026-10-07 11:00:00,2.0350199
2026-10-07 12:00:00,1.9810703
2026-10-07 13:00:00,1.9164602
2026-10-07 14:00:00,1.8551861
2026-10-07 15:00:00,1.7994131
2026-10-07 16:00:00,1.7503749
2026-10-07 17:00:00,1.7059381
2026-10-07 18:00:00,1.6675357
2026-10-07 19:00:00,1.6560628
2026-10-07 20:00:00,1.7221664
2026-10-07 21:00:00,1.8673414
2026-10-07 22:00:00,2.018538
2026-10-07 23:00:00,2.0822334
2026-10-08 00:00:00,2.050262
2026-10-08 01:00:00,1.9844853
2026-10-08 02:00:00,1.9177395
2026-10-08 03:00:00,1.8572624
2026-10-08 04:00:00,1.803191
2026-10-08 05:00:00,1.7550288
2026-10-08 06:00:00,1.7123672
2026-10-08 07:00:00,1.6888019
2026-10-08 08:00:00,1.7368528
2026-10-08 09:00:00,1.877265
2026-10-08 10:00:00,2.049604
2026-10-08 11:00:00,2.1388931
2026-10-08 12:00:00,2.1137908
2026-10-08 13:00:00,2.0430605
2026-10-08 14:00:00,1.9698161
2026-10-08 15:00:00,1.9044235
2026-10-08 16:00:00,1.8463081
2026-10-08 17:00:00,1.7942901
2026-10-08 18:00:00,1.7471573
2026-10-08 19:00:00,1.7084163
2026-10-08 20:00:00,1.7155025
2026-10-08 21:00:00,1.8241053
2026-10-08 22:00:00,2.0075815
2026-10-08 23:00:00,2.1528182
2026-10-09 00:00:00,2.1724217
2026-10-09 01:00:00,2.1060512
2026-10-09 02:00:00,2.026179
2026-10-09 03:00:00,1.952714
2026-10-09 04:00:00,1.8884227
2026-10-09 05:00:00,1.8313795
2026-10-09 06:00:00,1.7799776
2026-10-09 07:00:00,1.7352173
2026-10-09 08:00:00,1.7197876
2026-10-09 09:00:00,1.7972016
2026-10-09 10:00:00,1.963866
2026-10-09 11:00:00,2.1262832
2026-10-09 12:00:00,2.1722155
2026-10-09 13:00:00,2.116797
2026-10-09 14:00:00,2.0379763
2026-10-09 15:00:00,1.9635196
2026-10-09 16:00:00,1.8972764
2026-10-09 17:00:00,1.8387835
2026-10-09 18:00:00,1.7854517
2026-10-09 19:00:00,1.7378479
2026-10-09 20:00:00,1.7100521
2026-10-09 21:00:00,1.7657721
2026-10-09 22:00:00,1.9297196
2026-10-09 23:00:00,2.1337283
2026-10-10 00:00:00,2.2400746
2026-10-10 01:00:00,2.2031927
2026-10-10 02:00:00,2.1127641
2026-10-10 03:00:00,2.0258896
2026-10-10 04:00:00,1.9504243
2026-10-10 05:00:00,1.8854705
2026-10-10 06:00:00,1.827499
2026-10-10 07:00:00,1.7751557
2026-10-10 08:00:00,1.7328618
2026-10-10 09:00:00,1.7459581
2026-10-10 10:00:00,1.8677535
2026-10-10 11:00:00,2.0533202
2026-10-10 12:00:00,2.1711378
2026-10-10 13:00:00,2.1562822
2026-10-10 14:00:00,2.0806243
2026-10-10 15:00:00,2.0004327
2026-10-10 16:00:00,1.9275291
2026-10-10 17:00:00,1.863697
2026-10-10 18:00:00,1.807035
2026-10-10 19:00:00,1.7550337
2026-10-10 20:00:00,1.7107393
2026-10-10 21:00:00,1.7115217
2026-10-10 22:00:00,1.8263619
2026-10-10 23:00:00,2.038927
2026-10-11 00:00:00,2.2218428
2026-10-11 01:00:00,2.2535613
2026-10-11 02:00:00,2.1695347
2026-10-11 03:00:00,2.0718915
2026-10-11 04:00:00,1.9865446
2026-10-11 05:00:00,1.9135948
2026-10-11 06:00:00,1.8504864
